model,N,rmse_mean,rmse_std,mae_mean,mae_std,r2_mean,r2_std,fit_time_mean_s,predict_time_mean_s,total_time_mean_s
GP,10,0.7972078701338995,0.3388502075538231,0.5732459302395267,0.30122093375768516,0.42253526466093677,0.5415134570433957,0.11683499999926421,0.00103572000516574,0.11787072000442995
GP,20,0.5193978089456546,0.08531288967491038,0.33172907306689614,0.08755853907088594,0.7840405313575816,0.07229947074861683,0.12315575000102394,0.00066877000208473,0.12382452000310867
GP,50,0.26030026118106087,0.058772012251247306,0.15474851137629883,0.0411180858914294,0.9444360265960795,0.026393514146666748,0.23150748999808757,0.0007822900020982534,0.23228978000018582
GP,100,0.12551713256711636,0.020622142280407475,0.07099649518063696,0.015553555020859422,0.9873880118406634,0.004427093243232404,0.3484804199979407,0.00091187000070926,0.34939228999864996
GP,200,0.06009525643248291,0.008711698290651555,0.03321899014451949,0.0018918412888629258,0.9971241223004321,0.0008805870256482763,0.9308201400010148,0.00157869000395288,0.9323988300049676
MLP,10,1.0601618552733318,0.27553542108341655,0.8325118245350437,0.2733208335440658,0.06818917663433424,0.4998769913623712,0.06673832999949804,0.00061647000111402,0.06735480000061206
MLP,20,0.6460836612074538,0.1332799312783557,0.46129246923032163,0.103191995876167,0.6612705152979903,0.13573522742604432,0.0937945899990154,0.0005408100012573,0.0943354000002727
MLP,50,0.4211320625605502,0.04512747294958483,0.29464667345985596,0.03418851964954961,0.8598530973277899,0.030422291644588737,0.12150861333551191,0.0004260566677354467,0.12193467000324736
MLP,100,0.33628640312018476,0.030966644670098457,0.2382066697809065,0.031212634792807246,0.9109419550248982,0.016428649623329065,0.14753578000090778,0.00043931999825867,0.14797509999916644
MLP,200,0.28634161323924173,0.014651152422724816,0.20234269116615264,0.010734653987322406,0.935769128363181,0.006622965644842126,0.18329967999889046,0.00046925000206097004,0.18376893000095143
TabPFN,10,0.7680942091132567,0.24691466284404542,0.5676067628372886,0.251758961439776,0.4960307914541322,0.3298237638674682,0.6581739699977334,3.184086960002605,3.8422609300003385
TabPFN,20,0.5090277957213567,0.04750574225354533,0.31591340729246176,0.05942571984683185,0.7959075804821782,0.03855295982903517,0.6777829499988002,3.4019860500033245,4.079769000002125
TabPFN,50,0.25187361181711765,0.09257476633520269,0.12805331561176994,0.04148974034628619,0.9439440476985779,0.03985490965980961,0.6380219200000283,3.619163426666152,4.25718534666618
TabPFN,100,0.0895769180496194,0.02735816606873775,0.043707019510375436,0.010038586779039417,0.993202416607728,0.003929574013548605,0.6052534299989929,4.003164919996925,4.608418349995918
TabPFN,200,0.03867292453641283,0.009590282018388073,0.020663162862432537,0.002905265690285687,0.9987664352524346,0.0006129368043866268,0.6118973100004951,4.975522070001171,5.587419380001666
XGBoost,10,0.9582045438195268,0.2764950313367606,0.7210570394419793,0.2557864429314939,0.22864808924365138,0.47687333881169525,0.5271570300013991,0.00269783000112508,0.5298548600025242
XGBoost,20,0.6407340384467782,0.07099971743591175,0.43583064563369855,0.057941752828854824,0.6755995651057746,0.07005639670194908,0.5523423799997544,0.0025287800017394597,0.554871160001494
XGBoost,50,0.48617671859650324,0.06167640566234137,0.32379061061531894,0.03698111632017325,0.8123945638129517,0.04570844526219503,0.5387453466678077,0.00278609000136683,0.5415314366691746
XGBoost,100,0.3658147675807328,0.055274760275142734,0.23569252637789226,0.027783065362131713,0.8932645277487374,0.03126301116885984,0.535369630002242,0.0028173599988803597,0.5381869900011224
XGBoost,200,0.2800625569564307,0.0345285585163505,0.1735162241127274,0.013457090309958489,0.9378610646082132,0.01534836337274831,0.552287990001787,0.00254944000043902,0.554837430002226
