model,rmse,mae,r2,fit_time_s,predict_time_s,picp_90,mpiw_90_db,N,seed
TabPFN,0.9002289866255795,0.7121848627395322,0.3666281265558281,0.6849077999941073,3.1216895999968983,0.7433333333333333,2.3056721687316895,10,0
XGBoost,0.8845440933057042,0.690232862000953,0.3885066175234211,0.49460680001357105,0.0023541999980807304,,,10,0
MLP,1.046373347192811,0.8059242108553497,0.14429094855286284,0.08185329999832902,0.0006678000063402578,,,10,0
GP,0.5799410208156068,0.4069211602198602,0.7371424562742332,0.11899370000173803,0.004523600000538863,0.62,0.8446553235470766,10,0
TabPFN,0.5843134649917843,0.40638972158513076,0.7331639047995512,0.7847057999897515,3.1553351000038674,0.84,1.4438302516937256,10,1
XGBoost,0.7212316550987978,0.5433069904098876,0.5934608754943702,0.4848448999982793,0.0029340999899432063,,,10,1
MLP,1.4251543404551885,1.1795722775225796,-0.5873642228674087,0.06625639999401756,0.0006360999977914616,,,10,1
GP,0.5926937697980273,0.39877802545806795,0.7254550168119682,0.08406259999901522,0.0005075000080978498,0.44333333333333336,0.6049716238767172,10,1
TabPFN,0.5025043769141461,0.2928482087458589,0.8026521107290672,0.7084001999901375,3.1688415000098757,0.97,1.9316853284835815,10,2
XGBoost,0.8566015588280945,0.5614954129265777,0.42653025722878835,0.5257542000035755,0.002693700007512234,,,10,2
MLP,0.7944147675727822,0.5302660203395908,0.506772360612795,0.05031579999194946,0.0007122000097297132,,,10,2
GP,0.5217923632838182,0.2805087967888184,0.7872114646298953,0.14357290000771172,0.000484200005303137,0.31333333333333335,0.30942199550383187,10,2
TabPFN,0.6045252809536226,0.3727122090147136,0.7143845324076064,0.5692140000028303,3.148029799995129,0.8966666666666666,1.4448848962783813,10,3
XGBoost,0.8934740828045165,0.6740741830744853,0.37609752757888426,0.506160999997519,0.0024195000005420297,,,10,3
MLP,1.2285831303337553,1.018557486901833,-0.17967366250409444,0.05503680001129396,0.0007073000015225261,,,10,3
GP,0.5574922868966008,0.3341269432265914,0.7570983224074646,0.18988039999385364,0.000789700003224425,0.57,0.5480404845251041,10,3
TabPFN,0.9385878285037564,0.670027251969201,0.3115020935157222,0.6580301999929361,3.1565736000047764,0.7666666666666667,1.712327241897583,10,4
XGBoost,0.9415833678916546,0.6880254555099696,0.3071003450902593,0.5134105999895837,0.0028980000060983002,,,10,4
MLP,0.8380474220767128,0.6140016702179821,0.45110411248875826,0.058191500007524155,0.0006376000092132017,,,10,4
GP,1.5621663259291179,1.1876253885060164,-0.9072487186674645,0.07740059999923687,0.0005074000073364004,0.06333333333333334,0.6312051581782463,10,4
TabPFN,1.2359221730828038,1.0544532992010471,-0.19380951362252885,0.6476142000028631,3.0664774000033503,0.6733333333333333,2.692845344543457,10,5
XGBoost,1.396775559856188,1.1556885364953688,-0.5247759828119234,0.5440135999961058,0.002285199996549636,,,10,5
MLP,1.5787686370830571,1.3400161990504054,-0.9480036608001465,0.10679639999580104,0.0004689999914262444,,,10,5
GP,1.1885650192167379,0.9924892224566765,-0.10407525565432918,0.07558409999182913,0.0008182000019587576,0.49,2.0421819278269275,10,5
TabPFN,1.048394851911712,0.8730433713216758,0.1409814399096304,0.6158853999950225,3.0687770000076853,0.9133333333333333,2.7223329544067383,10,6
XGBoost,1.5010365735676687,1.2149842452412543,-0.7609026067037863,0.5386910000088392,0.0029836000030627474,,,10,6
MLP,0.7550716410374511,0.5728914529386164,0.5544164936621897,0.09762770000088494,0.000625400003627874,,,10,6
GP,0.9105216178333699,0.7241393166957143,0.3520622092915143,0.140435699999216,0.0007155000057537109,0.44666666666666666,1.119168104642064,10,6
TabPFN,0.7004597396360019,0.43516270222460607,0.6165408151573013,0.6222727000131272,3.097949900009553,0.7566666666666667,1.1185202598571777,10,7
XGBoost,0.907384630968658,0.6468551092253036,0.3565191511702177,0.513386000005994,0.0031177000055322424,,,10,7
MLP,1.0922271101200072,0.8968854593373942,0.06765060822707858,0.04694440000457689,0.0003892999957315624,,,10,7
GP,0.633733541173287,0.40581871046871953,0.6861181709672753,0.11373019999882672,0.0007560000085504726,0.76,0.9397111446701354,10,7
TabPFN,0.5659402457476304,0.3470040994002557,0.7496809245603087,0.6178585000016028,3.2284712999971816,0.87,1.2180290222167969,10,8
XGBoost,0.8550279108293709,0.5756614310518171,0.4286353446540685,0.5732441000000108,0.002048900001682341,,,10,8
MLP,0.9250050205023277,0.63904369449226,0.33128514973065293,0.04008149998844601,0.0006702999962726608,,,10,8
GP,0.8095907400853908,0.5252264996464721,0.4877477763784418,0.07780970000021625,0.0005113000079290941,0.25,0.5067648661042218,10,8
TabPFN,0.6000651427655298,0.5122419021708646,0.7185834805288356,0.6728508999949554,3.6287243999977363,0.99,2.6132445335388184,10,9
XGBoost,0.6243860050446146,0.46024616848417577,0.6953093632122139,0.5774581000005128,0.003243400002247654,,,10,9
MLP,0.9179731363592255,0.7279597736944252,0.34141363924065493,0.06427950000215787,0.0006496999994851649,,,10,9
GP,0.6155820163070373,0.47682523892833084,0.7038412041703686,0.14688010000099894,0.0007438000029651448,0.46,0.7776218885082543,10,9
TabPFN,0.5467498817741185,0.2793989693840003,0.766369152942886,0.818021700004465,3.367493599987938,0.85,0.8733609914779663,20,0
XGBoost,0.6836800151599399,0.4201121171697441,0.6346925256346976,0.6012481000070693,0.0029657999984920025,,,20,0
MLP,0.769643179340516,0.5359392625400274,0.5370526122190515,0.06623250000120606,0.0005439999949885532,,,20,0
GP,0.4838359288118135,0.23157343185350393,0.8170430050914106,0.10129609999421518,0.0006989999965298921,0.5833333333333334,0.2791897723746056,20,0
TabPFN,0.527779862733789,0.2880104598628778,0.7823000047103366,0.6679332999920007,3.4800703000073554,0.89,0.9428260326385498,20,1
XGBoost,0.5991137098866876,0.3778408380859791,0.7194751725990495,0.6747600999951828,0.003063500000280328,,,20,1
MLP,0.6085391340851375,0.4504547454876796,0.7105791515570534,0.1112585999944713,0.0006815999950049445,,,20,1
GP,0.4032875415469403,0.25142769237360474,0.872889215311067,0.21150640000996646,0.0010032999998657033,0.49666666666666665,0.40225673561781705,20,1
TabPFN,0.43863173234897834,0.2678735117318939,0.8496328798734943,0.7649661000032211,3.330615700004273,0.96,1.3031760454177856,20,2
XGBoost,0.5110073627805473,0.3933160140375735,0.7959168714582608,0.6507866000029026,0.0022052999993320554,,,20,2
MLP,0.48822156751603574,0.35757122249036494,0.813711215303392,0.09792889999516774,0.0006489999941550195,,,20,2
GP,0.5362044116747814,0.3535917944520926,0.7752945770188814,0.14675790000183042,0.0006188999977894127,0.49333333333333335,0.4594323801816472,20,2
TabPFN,0.4724488492216661,0.2497525428571572,0.8255534523955256,0.6720455000031507,3.662405300012324,0.7233333333333334,0.5461424589157104,20,3
XGBoost,0.7058085318517203,0.5226411613124787,0.6106621774853382,0.550900799993542,0.0022284000006038696,,,20,3
MLP,0.8312051408108622,0.6204762892729795,0.46003050053415295,0.09961109999858309,0.0004608000017469749,,,20,3
GP,0.4919322279819243,0.28120143764699956,0.810868729978713,0.14635930000804365,0.0006940000021131709,0.5366666666666666,0.3738942155546997,20,3
TabPFN,0.6007716979898936,0.4591508168430211,0.7179203746118432,0.6815512999892235,3.648500700001023,0.9633333333333334,2.2616820335388184,20,4
XGBoost,0.7510470898467754,0.5439991157802151,0.5591537780113216,0.6096451000048546,0.002953000002889894,,,20,4
MLP,0.7492829363996105,0.5312838997477991,0.5612223752782157,0.12474519999523181,0.0005379000067478046,,,20,4
GP,0.5464710249023682,0.39477615293991064,0.7666074079670806,0.11221870000008494,0.0005183000030228868,0.8733333333333333,1.637904657350997,20,4
TabPFN,0.49554077289995185,0.3516227394119367,0.8080838265892905,0.6425693999917712,3.189348300002166,0.97,1.9271706342697144,20,5
XGBoost,0.6806522586486641,0.4770072188574117,0.6379209743163212,0.48005660000490025,0.002115299997967668,,,20,5
MLP,0.7930741082657495,0.5883443331558277,0.508435703962392,0.09456110000610352,0.0005365999968489632,,,20,5
GP,0.6880188731823581,0.5176414370614189,0.6300410900194056,0.07926539999607485,0.0005999999993946403,0.74,1.3943652606346617,20,5
TabPFN,0.5150791414541606,0.3107232530344092,0.7926515877094362,0.635058999992907,3.627235300009488,0.8233333333333334,0.922039806842804,20,6
XGBoost,0.6563623863660686,0.4042908671742969,0.6633022930882473,0.47416599999996834,0.0031100000051083043,,,20,6
MLP,0.5301995053110395,0.3395485535279512,0.7802993082470528,0.06560919999901671,0.000637700009974651,,,20,6
GP,0.609707350477549,0.40296548390414544,0.709466878926495,0.0922905999905197,0.0008132000075420365,0.38333333333333336,0.46368349068099063,20,6
TabPFN,0.5436002380317336,0.2993883745603409,0.7690531386385515,0.6400526999932481,3.299331100002746,0.7133333333333334,0.5548943877220154,20,7
XGBoost,0.6437420905790135,0.39311960992914036,0.6761256159083997,0.4797738999914145,0.0020595000096363947,,,20,7
MLP,0.6660173456686889,0.4363392032083531,0.6533239273144349,0.08148069999879226,0.0005397000059019774,,,20,7
GP,0.5315280418878601,0.29538825966537985,0.7791969077781747,0.10670250000839587,0.0006608000112464651,0.56,0.40276722920696556,20,7
TabPFN,0.4687418314191684,0.30837272360494883,0.8282802636507753,0.6571840000106022,3.2326363000029232,0.9266666666666666,1.2752841711044312,20,8
XGBoost,0.6118709689207311,0.4116782046432235,0.7074012382408847,0.4876401999936206,0.002331299998331815,,,20,8
MLP,0.4796131647470702,0.3366100911747163,0.820222648208524,0.09304249999695458,0.0004034000012325123,,,20,8
GP,0.4125647067398019,0.2646821033595316,0.8669738769371542,0.10723549999238458,0.0005422000103862956,0.42,0.39001299816147383,20,8
TabPFN,0.48093394934010675,0.3448406816340317,0.8192311236996439,0.5984465000074124,3.1822239000030095,0.9733333333333334,1.6996407508850098,20,9
XGBoost,0.5640559704276346,0.4143013093469226,0.7513450043152254,0.5144464000040898,0.0022557000047527254,,,20,9
MLP,0.5450405299298274,0.41635709169751733,0.7678277103556335,0.10347610000462737,0.0004174000059720129,,,20,9
GP,0.4904279822511486,0.3240429374123747,0.8120236245474335,0.12792510000872426,0.0005379999929573387,0.9433333333333334,1.656852619213642,20,9
TabPFN,0.11269572886340297,0.06977241492672046,0.9900741501467816,0.6270946000004187,3.452084000004106,1.0,0.5515576004981995,50,0
XGBoost,0.40806835490057813,0.30441739849657795,0.8698576566693963,0.5902328000083799,0.0034558000043034554,,,50,0
MLP,0.36880680208767225,0.2649725598312547,0.8936957487970294,0.1459545999969123,0.0003939000016544014,,,50,0
GP,0.31244264193794996,0.21092531261408087,0.923705471954274,0.21745729999383911,0.002110400004312396,0.7066666666666667,0.6216022315699554,50,0
TabPFN,0.1855616706483752,0.09916280730660565,0.9730890310112356,0.6997929999924963,3.4662936000095215,0.9866666666666667,0.48192474246025085,50,1
XGBoost,0.3943229531393945,0.2867654421707685,0.8784774418325667,0.6372391000040807,0.003729499992914498,,,50,1
MLP,0.37594439991300216,0.24953540965831764,0.8895412745195502,0.1390531000070041,0.0004992000031052157,,,50,1
GP,0.2541538753637392,0.11582546247037345,0.9495168715396398,0.4646089000016218,0.0010516000038478523,0.7633333333333333,0.23309753218940646,50,1
TabPFN,0.17917391738587765,0.09701339757895333,0.9749099015150144,0.7380750000011176,3.682200399998692,0.9466666666666667,0.41958871483802795,50,2
XGBoost,0.4412882727005207,0.2927406774845324,0.8478059898821235,0.5769336000084877,0.0029535000066971406,,,50,2
MLP,0.40667028728392013,0.2963913158438105,0.8707478806298731,0.11714230000507087,0.0003974999999627471,,,50,2
GP,0.21187266127074694,0.10680461129175861,0.9649165227509845,0.2652418000070611,0.0006194999878061935,0.8433333333333334,0.29768305267579703,50,2
TabPFN,0.20374554725697733,0.09370392809057017,0.9675563998374673,0.7254855000064708,4.222704500003601,0.9866666666666667,0.5692856907844543,50,3
XGBoost,0.5086493469266162,0.31748475738728305,0.7977959870240611,0.5651931000029435,0.0030648999963887036,,,50,3
MLP,0.36415122711101183,0.2748126842865669,0.8963626395153136,0.12696829999913462,0.0004262000002199784,,,50,3
GP,0.24785101545584723,0.18085432131528548,0.9519897250537146,0.25819639999826904,0.00077039998723194,0.41,0.258250124573472,50,3
TabPFN,0.17629397795487062,0.09691464194513083,0.9757099872455193,0.6761060999997426,3.949467200000072,0.9566666666666667,0.4717589318752289,50,4
XGBoost,0.5214014683167075,0.34808376938574326,0.7875301615578664,0.48780070000793785,0.002955400006612763,,,50,4
MLP,0.37697875913022655,0.261428284736108,0.8889326144202351,0.11243610001110937,0.00042350000876467675,,,50,4
GP,0.1618307909202857,0.09674311062716981,0.9795320144679103,0.2387031999969622,0.0006797000096412376,0.9033333333333333,0.4154805719022873,50,4
TabPFN,0.4042674245459607,0.17459268044150783,0.8722707731303562,0.6432310999953188,3.6539753999968525,0.9,0.5303777456283569,50,5
XGBoost,0.562386133818609,0.3524474042384818,0.7528150662806745,0.628652500003227,0.002112500005750917,,,50,5
MLP,0.4304480657063911,0.27970488291817347,0.8551914152376505,0.11468230000173207,0.0003487999929348007,,,50,5
GP,0.3835191204535826,0.17885356642911993,0.8850452743311474,0.2517879999941215,0.0013878000027034432,0.8566666666666667,0.504251743135437,50,5
TabPFN,0.4025088144252457,0.20826690014115143,0.87337962990738,0.7106701000011526,3.699905600005877,0.8666666666666667,0.607535183429718,50,6
XGBoost,0.5425536319554117,0.3564538101353316,0.7699415771866647,0.5660787999950117,0.0032906999986153096,,,50,6
MLP,0.4032259989714649,0.2734580875093801,0.8729280071276841,0.11829739999666344,0.00034220000088680536,,,50,6
GP,0.280200017699515,0.17042953662053467,0.9386394696368378,0.3293638000031933,0.0006214000022737309,0.8633333333333333,0.5342942848721897,50,6
TabPFN,0.16204154582455307,0.09498442275719489,0.9794786681643232,0.5992496999970172,4.160694999998668,0.97,0.5052950382232666,50,7
XGBoost,0.43344386827423825,0.32100651423942383,0.8531687435486934,0.5783031000028132,0.0031058999884407967,,,50,7
MLP,0.4533852882813531,0.333103162714136,0.8393474455189273,0.13542059999599587,0.00042660000326577574,,,50,7
GP,0.2604965437343755,0.17874981562023776,0.9469657149084034,0.1507495999976527,0.0007273999945027754,0.6766666666666666,0.43360277481221043,50,7
TabPFN,0.1848483417645093,0.10392100052627576,0.9732955335118548,0.6183625999983633,3.8238279999932274,0.96,0.5080184936523438,50,8
XGBoost,0.5316750317355982,0.36048773963574554,0.7790747682180912,0.5881339999905322,0.0031641999958083034,,,50,8
MLP,0.4276837041800978,0.29243533986873443,0.8570453805689793,0.1176190999976825,0.0004042999935336411,,,50,8
GP,0.2650225406663331,0.15248399720230638,0.9451068170144101,0.23907479998888448,0.0006110999966040254,0.6633333333333333,0.2602110247881367,50,8
TabPFN,0.2034074394802443,0.12324418202375924,0.9676639882681792,0.6900128999986919,3.528441499991459,0.9033333333333333,0.5685630440711975,50,9
XGBoost,0.5009278240507057,0.3786200518875551,0.8038884832937234,0.525643000000855,0.0029830999992555007,,,50,9
MLP,0.48505217355587477,0.37448150245027684,0.8161220310540858,0.10743070000899024,0.0004856000014115125,,,50,9
GP,0.2163284878798637,0.1530585727573075,0.9634253467720572,0.17524350000894628,0.0011389999999664724,0.47,0.25319833263261643,50,9
TabPFN,0.20452378500987584,0.10299310161694099,0.9673080797563777,0.6473041999997804,3.4699657000019215,0.97,0.6026318073272705,50,10
XGBoost,0.534025594842619,0.3715119113160695,0.7771170060832597,0.5324748999992153,0.0030011000053491443,,,50,10
MLP,0.4452813080895924,0.31102708180671906,0.8450392471786745,0.13479219999862835,0.00039430000470019877,,,50,10
GP,0.2440333563510962,0.14925856008140723,0.953457342811848,0.23208629999135155,0.000597400008700788,0.85,0.4908765031242889,50,10
TabPFN,0.11367862458062557,0.06226854430632912,0.9899002550031607,0.6393526000028942,3.5263443000003463,0.9766666666666667,0.3698042929172516,50,11
XGBoost,0.4317211589938493,0.28216121461770477,0.8543335767391711,0.4943228000047384,0.0029676999984076247,,,50,11
MLP,0.4581653932941109,0.340878908225995,0.8359420226694275,0.13227110001025721,0.0003961999900639057,,,50,11
GP,0.29804846227541976,0.1865861317263884,0.9305732942142294,0.1624837999988813,0.0006010000070091337,0.5566666666666666,0.32792953405061337,50,11
TabPFN,0.2647730067498734,0.11842078515469033,0.945210138507841,0.6125097000040114,3.6903942999924766,0.9466666666666667,0.5014274716377258,50,12
XGBoost,0.3371954832948519,0.22566675592424137,0.9111379587340739,0.6077635999972699,0.0033204000064870343,,,50,12
MLP,0.42712689972107176,0.3057724966694534,0.8574173655396887,0.13710310000169557,0.0004276999970898032,,,50,12
GP,0.21344413569001186,0.15248616735659998,0.9643941594731372,0.25931959999434184,0.0009993999992730096,0.5733333333333334,0.31804947273785555,50,12
TabPFN,0.2148293923016046,0.10570476944998651,0.9639304945409386,0.6093514999956824,3.7957835999986855,0.9366666666666666,0.4508835971355438,50,13
XGBoost,0.4380003696655956,0.29132498168252796,0.8500654425738144,0.6485523000010289,0.0029294999985722825,,,50,13
MLP,0.34448693141214015,0.2331472890063166,0.9072533376003384,0.14395880000665784,0.0003924999909941107,,,50,13
GP,0.20047359808049137,0.11703974997602318,0.968590056281746,0.30047400000330526,0.0007506999972974882,0.79,0.30344930632706424,50,13
TabPFN,0.14854596216137675,0.0802612857414008,0.9827545516297382,0.6405077000090387,3.7624536999937845,0.9833333333333333,0.4831816554069519,50,14
XGBoost,0.5396815558964192,0.3661106159822693,0.7723708169162359,0.5152897000079975,0.002224800002295524,,,50,14
MLP,0.3886785750594121,0.25526964065413377,0.8819315146921186,0.10206130000005942,0.00048349999997299165,,,50,14
GP,0.24590349792055682,0.12955125871231402,0.9527412531874321,0.17921579998801462,0.0006169000116642565,0.7533333333333333,0.2875761871050578,50,14
TabPFN,0.3161098581556409,0.16126062293435975,0.921903986073467,0.6537003999983426,3.5273619999934454,0.89,0.6849048733711243,50,15
XGBoost,0.5003302189433921,0.31960721947750376,0.804356124859698,0.5435324999998556,0.0022351000079652295,,,50,15
MLP,0.41540738272779193,0.2809694641878235,0.8651343936506695,0.12475059999269433,0.0003890000079991296,,,50,15
GP,0.3117848062176849,0.17937568053604147,0.9240264040122899,0.155469199991785,0.0006986999942455441,0.7433333333333333,0.4618401482571147,50,15
TabPFN,0.38478145125886076,0.18002475962374564,0.8842872954159482,0.6015273999946658,3.4695805000083055,0.78,0.43562617897987366,50,16
XGBoost,0.5881777078904747,0.3621063217881307,0.7296228977833834,0.5064273000025423,0.0022736999962944537,,,50,16
MLP,0.4584975202221334,0.2992577120362632,0.8357040831733571,0.11972529999911785,0.00041090000013355166,,,50,16
GP,0.34832713454326236,0.1586278136252384,0.9051740063445559,0.26205220000701956,0.0005982000002404675,0.62,0.20254664152569812,50,16
TabPFN,0.23140315170268638,0.10982858214924174,0.9581503984500127,0.6030071999994107,3.493571899991366,0.9733333333333334,0.6842878460884094,50,17
XGBoost,0.44784430502479394,0.2937428895861593,0.8432502344971538,0.4594372999999905,0.002050099996267818,,,50,17
MLP,0.43230915049897345,0.3136794377599199,0.8539365197755067,0.11118259999784641,0.00040920000174082816,,,50,17
GP,0.19107679340025147,0.13424658917989363,0.9714656044727973,0.22007029999804217,0.0007724000024609268,0.67,0.3181224527654753,50,17
TabPFN,0.2656906961104097,0.12595319300519373,0.9448296827535076,0.5998111000080826,3.4510313000064343,0.9533333333333334,0.628797173500061,50,18
XGBoost,0.5915709347904827,0.38766486092813796,0.7264942607942373,0.47868929999822285,0.0030218000028980896,,,50,18
MLP,0.4465508165941688,0.31600052981068655,0.8441543933903152,0.12093630000890698,0.0004447000101208687,,,50,18
GP,0.2765968942961464,0.15495862995159532,0.9402074071200288,0.2392422999982955,0.0006139000033726916,0.8533333333333334,0.5186734501914354,50,18
TabPFN,0.29458494920656864,0.13148098386818613,0.932177484016202,0.612458699994022,3.639366399991559,0.92,0.5471988916397095,50,19
XGBoost,0.49860973186863233,0.3196982454538073,0.8056993338334435,0.5344113000028301,0.002861300003132783,,,50,19
MLP,0.4854593648438004,0.33946561187635116,0.8158131779514227,0.1205024999944726,0.0004952000017510727,,,50,19
GP,0.225851473473733,0.11195886884894529,0.9601343688202911,0.1710873999982141,0.000632499999483116,0.8966666666666666,0.3521918991699491,50,19
TabPFN,0.43828508407711825,0.20695609201984402,0.8498704545934175,0.6467838999960804,3.4934478999930434,0.82,0.5803234577178955,50,20
XGBoost,0.5338183461300088,0.36157666214842504,0.777289968767765,0.5122756999917328,0.0025031999975908548,,,50,20
MLP,0.5389878566391431,0.33704867814823525,0.7729556236723257,0.108625300010317,0.0004380000027595088,,,50,20
GP,0.29927845058674535,0.18815415752593612,0.9299990906884883,0.23195689999556635,0.0007614000060129911,0.6566666666666666,0.37698933989029587,50,20
TabPFN,0.31317104888162894,0.1622452175136251,0.9233493218225665,0.6027667000016663,3.499410300006275,0.9066666666666666,0.5804449319839478,50,21
XGBoost,0.5310480946572864,0.32576489108167167,0.7795954793654963,0.49674420000519603,0.0029606000025523826,,,50,21
MLP,0.4163379842940507,0.3030242377442902,0.8645294610950227,0.12437740000314079,0.0003605999954743311,,,50,21
GP,0.2575005877978099,0.13209179651865818,0.9481785885679008,0.2074443000019528,0.0006127000087872148,0.6666666666666666,0.2659669977470402,50,21
TabPFN,0.13492741787887447,0.08523854763203989,0.9857716936779708,0.6914756000041962,3.4624808999942616,0.9733333333333334,0.5381050705909729,50,22
XGBoost,0.37806269049032293,0.2667296031320223,0.8882929895186251,0.5035777000011876,0.002215300002717413,,,50,22
MLP,0.4023199066491786,0.27346332018399466,0.8734984544330826,0.14283609999984037,0.0003870999935315922,,,50,22
GP,0.21090808475799017,0.1471380930847854,0.965235239341926,0.16627359999984037,0.0006160000048112124,0.63,0.37675750712116535,50,22
TabPFN,0.32264183597883345,0.14134996397854788,0.918643145586855,0.6307751999993343,3.4637952000048244,0.93,0.6159461736679077,50,23
XGBoost,0.49701755133353087,0.31213079298902435,0.8069382499064714,0.4873292999982368,0.0029928000003565103,,,50,23
MLP,0.40374479209851677,0.287402598153838,0.872600813514779,0.105662800007849,0.00047900000936351717,,,50,23
GP,0.24381621132981846,0.1404433419742584,0.9535401348527895,0.20301469998958055,0.0007379000016953796,0.63,0.287166915661854,50,23
TabPFN,0.3972523724912082,0.21559107490271173,0.876665156471436,0.5838615000102436,3.50583860000188,0.85,0.7058890461921692,50,24
XGBoost,0.4995486404734168,0.33453677654597774,0.8049668879186069,0.5324962000013329,0.0024873999936971813,,,50,24
MLP,0.44989858324221765,0.29589083130650834,0.8418089025180404,0.11178710000240244,0.00041110000165645033,,,50,24
GP,0.2020805551878613,0.1089916543316673,0.9680844861780684,0.27299159999529365,0.0007973000028869137,0.8233333333333334,0.29851507896531326,50,24
TabPFN,0.18790127324518033,0.1022108797121735,0.9724061541472226,0.5900622000044677,3.499431599993841,0.96,0.5840896964073181,50,25
XGBoost,0.44395637481334893,0.3050683465702407,0.8459600457865792,0.5224474999995437,0.0021622000058414415,,,50,25
MLP,0.48774576401323594,0.3583163339444983,0.8140741393158084,0.11831199999141973,0.0005741000059060752,,,50,25
GP,0.3119611854023193,0.18217344853413614,0.9239404219442967,0.17735470000479836,0.0006213000015122816,0.6866666666666666,0.5009718303574279,50,25
TabPFN,0.2427904169702302,0.13878543579640365,0.9539302484745953,0.6056149999931222,3.5684139000077266,0.9333333333333333,0.6424787640571594,50,26
XGBoost,0.5090999274134601,0.35082376177812674,0.7974375887007035,0.4913699999888195,0.002247900003567338,,,50,26
MLP,0.34118654798267944,0.24402683572981393,0.9090219576254455,0.11305220000213012,0.0004321000014897436,,,50,26
GP,0.2169046550575801,0.14902708343336257,0.963230262177357,0.21018840000033379,0.0006454000103985891,0.59,0.32794380319586425,50,26
TabPFN,0.3499139175193018,0.17583636317147294,0.9043080904742556,0.5958793999889167,3.522713600003044,0.8966666666666666,0.6380863785743713,50,27
XGBoost,0.4655547585348683,0.2958798908064765,0.8306074413528739,0.5331627999985358,0.002187600010074675,,,50,27
MLP,0.4132528232306553,0.2927737735435295,0.8665297584502885,0.12209710000024643,0.00037399999564513564,,,50,27
GP,0.29637660725012377,0.18024739944662568,0.9313499856567129,0.22819349999190308,0.0008130000060191378,0.66,0.36261636300251066,50,27
TabPFN,0.23978542708113315,0.13506168390320733,0.9550635915148031,0.6352541000087513,3.500346400003764,0.9666666666666667,0.7447542548179626,50,28
XGBoost,0.44902389519117225,0.3129311702590122,0.8424234114817623,0.5080635000049369,0.003112000005785376,,,50,28
MLP,0.38360552507859663,0.2891642295400843,0.8849934712354688,0.10922860000573564,0.0003598000039346516,,,50,28
GP,0.4219372561034309,0.30140922892827327,0.8608611093062545,0.18412780000653584,0.0006532999977935106,0.6733333333333333,0.7896537008323369,50,28
TabPFN,0.27607427500248183,0.13855120613512883,0.9404331453089084,0.6105728999973508,3.593575499995495,0.9666666666666667,0.6441898345947266,50,29
XGBoost,0.5262973318281915,0.31017384133059767,0.7835213232813381,0.5097818000067491,0.003012700006365776,,,50,29
MLP,0.4025720449040225,0.2624979636504667,0.8733398449625899,0.10699150001164526,0.0005749000119976699,,,50,29
GP,0.19898639432725507,0.09396138056864192,0.9690543540008548,0.2917509999970207,0.0006110000103944913,0.83,0.2472781450434447,50,29
TabPFN,0.08098017036078846,0.03516985336505396,0.9948748077576156,0.6212201000016648,3.9726138999976683,0.9933333333333333,0.23237790167331696,100,0
XGBoost,0.3655552122142485,0.2529952256566072,0.8955619512447447,0.5233951000118395,0.0032082000107038766,,,100,0
MLP,0.31595399653228157,0.21055118029676537,0.9219809793742422,0.1542775999987498,0.0003485000052023679,,,100,0
GP,0.10870342970400602,0.06697127572150727,0.9907649493552543,0.34651589998975396,0.00108380000165198,0.6966666666666667,0.1554856320674831,100,0
TabPFN,0.060053098547433174,0.03419156927402513,0.9971814637225322,0.6135114000062458,4.026608499989379,0.97,0.19049301743507385,100,1
XGBoost,0.26777069506779266,0.18471271906256054,0.943962483493838,0.5613118000037502,0.002270999990287237,,,100,1
MLP,0.33142003835728406,0.24090339310269698,0.9141559271471869,0.15769469999941066,0.0005851000023540109,,,100,1
GP,0.1183971486239455,0.06631530002359819,0.9890444225195094,0.3465148999966914,0.000858300001709722,0.87,0.2215119541204444,100,1
TabPFN,0.09963073634767236,0.04804747915464567,0.992242184118157,0.5529798999923514,4.027082200002042,0.9733333333333334,0.31030213832855225,100,2
XGBoost,0.33795664354791227,0.2227901526793371,0.9107363246791784,0.5317007999983616,0.0031005000055301934,,,100,2
MLP,0.36975013665908124,0.27116097783940346,0.8931512429828665,0.1607162000000244,0.0004918999911751598,,,100,2
GP,0.12228866866364056,0.0745124729328212,0.9883124031734775,0.34406019999005366,0.0008346999966306612,0.8533333333333334,0.2591113935113344,100,2
TabPFN,0.09490775360153147,0.052053705140389324,0.9929602671878673,0.6034434999892255,3.962010300005204,0.99,0.3224191665649414,100,3
XGBoost,0.40230524705394516,0.23577955622850016,0.8735076731052769,0.4910435000056168,0.003006600003573112,,,100,3
MLP,0.3274121803510503,0.23716022817162175,0.9162195956882805,0.15824150000116788,0.0003711000026669353,,,100,3
GP,0.13281627784120295,0.07115087772208864,0.9862134564189208,0.31152479999582283,0.0008244000055128708,0.8433333333333334,0.20319935849911042,100,3
TabPFN,0.13099826003242182,0.05630972496317097,0.9865882996263687,0.630291399997077,4.076373899995815,0.98,0.29601866006851196,100,4
XGBoost,0.43780955411082595,0.2585786140336255,0.8501960525722213,0.5636254999990342,0.0030312999879242852,,,100,4
MLP,0.30243540813194125,0.19256259974387535,0.9285144835521957,0.1342027000064263,0.000385499995900318,,,100,4
GP,0.1553840931064228,0.07447255156423488,0.9811302605847583,0.36807720000797417,0.0011264000058872625,0.89,0.2697893349984134,100,4
TabPFN,0.06984862850020909,0.03905004100598397,0.9961869846464084,0.6272221999970498,3.9750082999962615,0.98,0.22924354672431946,100,5
XGBoost,0.31179472448143986,0.20996053393513828,0.9240215703056198,0.49090699999942444,0.003011799999512732,,,100,5
MLP,0.30421996332338924,0.2224581678664526,0.9276683774654478,0.1317708999995375,0.00034389999927952886,,,100,5
GP,0.10797941159886142,0.05938999293292216,0.9908875595934717,0.35945499999797903,0.0008868000004440546,0.8933333333333333,0.23598225348462495,100,5
TabPFN,0.11148518701835204,0.05491702992715439,0.9902862455389634,0.5575047000020277,3.989472500004922,0.9766666666666667,0.259872168302536,100,6
XGBoost,0.4381781126085266,0.2726273388868453,0.8499437293578028,0.5287367999990238,0.0030036000098334625,,,100,6
MLP,0.36534020155067065,0.261782370201228,0.8956847709424937,0.13321519999590237,0.00038440000207629055,,,100,6
GP,0.11355093185278532,0.059000312136908296,0.9899229319077789,0.3372335000021849,0.000912799994694069,0.84,0.1681997408325074,100,6
TabPFN,0.049133566625737195,0.026936139713511054,0.9981132716736973,0.6281908000091789,3.968559799992363,0.9966666666666667,0.2015744000673294,100,7
XGBoost,0.4057595377109349,0.2666509100445235,0.871326159897871,0.5565381000051275,0.0023093999916454777,,,100,7
MLP,0.38161581069848444,0.27322421704110317,0.88618342639696,0.13499160000355914,0.00036789999285247177,,,100,7
GP,0.11277870246427932,0.06462897573255347,0.9900595287108306,0.4262957000028109,0.0008150999929057434,0.9033333333333333,0.2598996427683775,100,7
TabPFN,0.07437640834420392,0.03957856903299391,0.9956766221555506,0.585015899996506,4.025562199996784,0.9966666666666667,0.27722322940826416,100,8
XGBoost,0.34861149343547904,0.23645587698147263,0.9050191196406826,0.5624059000110719,0.002967499996884726,,,100,8
MLP,0.36310590370087653,0.2734602443211937,0.8969567831555745,0.16340109999873675,0.00037369999336078763,,,100,8
GP,0.168147063017182,0.1122409149599846,0.9779030995065039,0.3400107999914326,0.00083710000035353,0.65,0.25322549198752625,100,8
TabPFN,0.12435537111784495,0.05081608352682655,0.9879140196501198,0.6331543999986025,4.008357599988813,0.9833333333333333,0.2543409764766693,100,9
XGBoost,0.3424064555762233,0.21637433627031272,0.9083702131901379,0.5440317999891704,0.002263699992909096,,,100,9
MLP,0.30161039189678857,0.1988033192247246,0.9289039635437338,0.14684630000556353,0.0007411999977193773,,,100,9
GP,0.11512559879883803,0.06128227807975137,0.9896415066361277,0.3051162000047043,0.0009393000073032454,0.8966666666666666,0.22715444508228644,100,9
TabPFN,0.05198379359173207,0.022066660300642645,0.9978880252232137,0.5762896999949589,4.9099317000072915,0.9666666666666667,0.1071198508143425,200,0
XGBoost,0.25447936069580507,0.1658351217636533,0.9493874850455618,0.5185996999935014,0.002339300001040101,,,200,0
MLP,0.2753223019683839,0.20111304497586593,0.9407572006028114,0.1824003000074299,0.0004199999966658652,,,200,0
GP,0.059755132046055315,0.034337946057573045,0.9972093638947407,0.9491517999995267,0.0015115999995032325,0.87,0.11109037030516859,200,0
TabPFN,0.03667864325367895,0.02288080823095778,0.9989485725445283,0.7253286000050139,5.086584400007268,0.93,0.1240120679140091,200,1
XGBoost,0.3160932677885618,0.182717689411729,0.9219121832714063,0.5432327999878908,0.0022960000060265884,,,200,1
MLP,0.29367205144852354,0.19149274760188925,0.9325971869768054,0.17338689998723567,0.0003868000057991594,,,200,1
GP,0.05878291540220678,0.031305055927062946,0.9972994325355361,0.4755891000095289,0.0014910000027157366,0.84,0.09199139253791186,200,1
TabPFN,0.05023036851693223,0.022978379031691684,0.9980280971406569,0.6064115000044694,4.952664900003583,0.98,0.11801617592573166,200,2
XGBoost,0.2429515519944039,0.16180595340075196,0.9538690770822942,0.539393500002916,0.0031464000057894737,,,200,2
MLP,0.2709171433613396,0.2062102516666002,0.9426378047787621,0.20970249999663793,0.0005119999987073243,,,200,2
GP,0.0648136987075826,0.03472325406557688,0.9967168826980263,1.3082704999978887,0.0018060000002151355,0.91,0.1609129746513153,200,2
TabPFN,0.052170040437961154,0.02629962510844509,0.9978728646027044,0.5727315999974962,4.927552900000592,0.95,0.16114497184753418,200,3
XGBoost,0.34139301742274447,0.1947320620676246,0.9089118133702612,0.5228796000010334,0.002297099999850616,,,200,3
MLP,0.294688723458406,0.1966363221326101,0.9321296915504879,0.17181759999948554,0.00038749999657738954,,,200,3
GP,0.07979515846951984,0.035691699856334524,0.9950237078279417,0.9485352000046987,0.0013930000131949782,0.8933333333333333,0.11453473297115645,200,3
TabPFN,0.030066238120036833,0.018071604724703393,0.9992935019404872,0.6079586999985622,4.938763700003619,0.99,0.11592938750982285,200,4
XGBoost,0.29190292142074264,0.18180895709114406,0.9334068327423349,0.5571572000044398,0.0023970999900484458,,,200,4
MLP,0.3148197204783356,0.22273296413549068,0.9225401510190505,0.17014170000038575,0.0004986000130884349,,,200,4
GP,0.059949805863998576,0.03050837079150907,0.9971911512758416,0.4793202000000747,0.0016005000070435926,0.8466666666666667,0.08688889597878888,200,4
TabPFN,0.032184504958083296,0.0202027610809432,0.9991904448220248,0.5917843000061112,4.962652899994282,0.9733333333333334,0.12207110226154327,200,5
XGBoost,0.2281122283364025,0.14626326731571798,0.959332270899822,0.5486797000048682,0.002293700003065169,,,200,5
MLP,0.2934093780086663,0.21579498149262705,0.9327177092439045,0.19255630001134705,0.00046609999844804406,,,200,5
GP,0.05138011544261074,0.03113053430308451,0.9979367923500514,0.4542615999962436,0.0015266999980667606,0.9366666666666666,0.1405059496541169,200,5
TabPFN,0.027399372455394838,0.017577192218152186,0.9994132757749581,0.5961586000048555,5.013389500003541,0.9833333333333333,0.1202487051486969,200,6
XGBoost,0.30369685008997793,0.18179549852793053,0.9279169153798683,0.6149023000034504,0.0033241999917663634,,,200,6
MLP,0.2934577351066977,0.20774160385388324,0.9326955296907862,0.16075029999774415,0.0005991000070935115,,,200,6
GP,0.06616124734397236,0.03393383192579749,0.9965789442087827,1.2298860000009881,0.001612000007298775,0.8833333333333333,0.12836504077304936,200,6
TabPFN,0.03176656558905152,0.017242166712674076,0.9992113336411649,0.6272381999879144,4.975302899998496,0.99,0.11675359308719635,200,7
XGBoost,0.27884153585543875,0.17574995086626435,0.9392330106267296,0.5770545000123093,0.002137800009222701,,,200,7
MLP,0.27278243887019876,0.1907584697264135,0.941845194989553,0.19023369999194983,0.00048490001063328236,,,200,7
GP,0.05174839643081367,0.03380416166417677,0.9979071091418154,1.3298187000036705,0.001772000003256835,0.8433333333333334,0.11608272958839559,200,7
TabPFN,0.0413141382930588,0.0205956227556242,0.9986660173355817,0.644614000004367,5.014723499989486,0.9666666666666667,0.1152239590883255,200,8
XGBoost,0.26466614787432297,0.1699271813956677,0.945254354507093,0.5582338000094751,0.002738900002441369,,,200,8
MLP,0.26754015208230325,0.198292244431683,0.944058935384368,0.1883181000011973,0.0005963000003248453,,,200,8
GP,0.05751187967224567,0.03515325795273084,0.9974149561649901,1.0581653999979608,0.0017272000113734975,0.7733333333333333,0.09090642744046518,200,8
TabPFN,0.03293558014819904,0.018716808460491716,0.9991522194990264,0.5704579000012018,4.973654300003545,0.9766666666666667,0.11509958654642105,200,9
XGBoost,0.278488688085907,0.17452655928679098,0.9393867031567601,0.5427467999979854,0.0025238999951398,,,200,9
MLP,0.2868064876095629,0.19265428164446385,0.9357118793952812,0.19368939999549184,0.000341199993272312,,,200,9
GP,0.05105421494582407,0.03160178890134934,0.9979628829065965,1.0752028999995673,0.0013468999968608841,0.92,0.14752909739710993,200,9
