N,model,picp_90_mean,picp_90_std,mpiw_90_db_mean
10,GP,0.4416666666666666,0.1968219725764603,0.8323742517382579
10,TabPFN,0.842,0.10450589208978352,1.920337200164795
20,GP,0.603,0.18838134425732694,0.74603593589775
20,TabPFN,0.8793333333333333,0.09936589076193891,1.2306217312812806
50,GP,0.7103333333333333,0.12508495197555927,0.37422623167411045
50,TabPFN,0.9336666666666668,0.05226919710036919,0.5625652194023132
100,GP,0.8336666666666666,0.08812799333853313,0.22535592473521082
100,TabPFN,0.984,0.009660917830793004,0.2573865205049514
200,GP,0.8716666666666667,0.04800334350495101,0.11888076112974774
200,TabPFN,0.9706666666666667,0.018711586164462956,0.1215619400143623
